,Trial0,Trial1,Trial10,Trial11,Trial12,Trial13,Trial14,Trial15,Trial16,Trial17,Trial18,Trial19,Trial2,Trial20,Trial21,Trial22,Trial23,Trial24,Trial25,Trial26,Trial27,Trial28,Trial29,Trial3,Trial30,Trial31,Trial32,Trial33,Trial34,Trial35,Trial36,Trial37,Trial38,Trial39,Trial4,Trial40,Trial41,Trial42,Trial43,Trial44,Trial45,Trial46,Trial47,Trial48,Trial49,Trial5,Trial50,Trial51,Trial52,Trial53,Trial54,Trial55,Trial56,Trial57,Trial58,Trial59,Trial6,Trial60,Trial61,Trial62,Trial63,Trial64,Trial65,Trial66,Trial67,Trial68,Trial69,Trial7,Trial70,Trial71,Trial72,Trial73,Trial74,Trial75,Trial76,Trial77,Trial78,Trial79,Trial8,Trial80,Trial81,Trial82,Trial83,Trial84,Trial85,Trial86,Trial87,Trial88,Trial89,Trial9,Trial90,Trial91,Trial92,Trial93,Trial94,Trial95,Trial96,Trial97,Trial98,Trial99
0,0.0,0.0,0.0,0.0,0.0,0.0,0.0,0.0,0.0,0.0,0.0,0.0,0.0,0.0,0.0,0.0,0.0,0.0,0.0,0.0,0.0,0.0,0.0,0.0,0.0,0.0,0.0,0.0,0.0,0.0,0.0,0.0,0.0,0.0,0.0,0.0,0.0,0.0,0.0,0.0,0.0,0.0,0.0,0.0,0.0,0.0,0.0,0.0,0.0,0.0,0.0,0.0,0.0,0.0,0.0,0.0,0.0,0.0,0.0,0.0,0.0,0.0,0.0,0.0,0.0,0.0,0.0,0.0,0.0,0.0,0.0,0.0,0.0,0.0,0.0,0.0,0.0,0.0,0.0,0.0,0.0,0.0,0.0,0.0,0.0,0.0,0.0,0.0,0.0,0.0,0.0,0.0,0.0,0.0,0.0,0.0,0.0,0.0,0.0,0.0
1,1.0,1.0,1.0,1.0,1.0,1.0,1.0,1.0,1.0,1.0,1.0,1.0,1.0,1.0,1.0,1.0,1.0,1.0,1.0,1.0,1.0,1.0,1.0,1.0,1.0,1.0,1.0,1.0,1.0,1.0,1.0,1.0,1.0,1.0,1.0,1.0,1.0,1.0,1.0,1.0,1.0,1.0,1.0,1.0,1.0,1.0,1.0,1.0,1.0,1.0,1.0,1.0,1.0,1.0,1.0,1.0,1.0,1.0,1.0,1.0,1.0,1.0,1.0,1.0,1.0,1.0,1.0,1.0,1.0,1.0,1.0,1.0,1.0,1.0,1.0,1.0,1.0,1.0,1.0,1.0,1.0,1.0,1.0,1.0,1.0,1.0,1.0,1.0,1.0,1.0,1.0,1.0,1.0,1.0,1.0,1.0,1.0,1.0,1.0,1.0
2,1.0,1.0,1.0,1.0,2.0,1.0,2.0,1.0,1.0,2.0,1.0,2.0,1.0,1.0,1.0,1.0,1.0,1.0,1.0,1.0,1.0,1.0,2.0,1.0,2.0,1.0,2.0,2.0,1.0,2.0,2.0,1.0,1.0,1.0,1.0,1.0,1.0,1.0,2.0,1.0,1.0,1.0,1.0,1.0,1.0,1.0,1.0,2.0,1.0,1.0,2.0,1.0,2.0,1.0,1.0,1.0,1.0,1.0,2.0,1.0,2.0,1.0,1.0,2.0,1.0,1.0,1.0,2.0,1.0,2.0,1.0,1.0,1.0,1.0,1.0,1.0,1.0,2.0,1.0,1.0,1.0,1.0,1.0,2.0,1.0,1.0,1.0,1.0,2.0,1.0,1.0,1.0,1.0,1.0,1.0,1.0,1.0,2.0,1.0,2.0
3,1.0,2.0,1.0,1.0,2.0,2.0,2.0,1.0,2.0,2.0,1.0,2.0,1.0,2.0,2.0,1.0,1.0,2.0,1.0,1.0,2.0,2.0,2.0,2.0,2.0,1.0,2.0,2.0,1.0,2.0,2.0,1.0,1.0,2.0,2.0,2.0,2.0,1.0,2.0,2.0,1.0,2.0,2.0,1.0,1.0,2.0,1.0,2.0,2.0,1.0,2.0,1.0,2.0,1.0,2.0,2.0,2.0,1.0,3.0,2.0,2.0,2.0,2.0,2.0,1.0,1.0,1.0,2.0,1.0,3.0,1.0,1.0,2.0,1.0,1.0,2.0,2.0,2.0,2.0,2.0,1.0,2.0,1.0,2.0,2.0,1.0,2.0,1.0,2.0,1.0,2.0,2.0,2.0,1.0,2.0,2.0,1.0,3.0,2.0,2.0
4,2.0,2.0,2.0,2.0,2.0,2.0,2.0,2.0,2.0,2.0,2.0,2.0,2.0,2.0,2.0,2.0,2.0,2.0,2.0,2.0,2.0,3.0,2.0,3.0,3.0,2.0,2.0,2.0,2.0,2.0,2.0,2.0,2.0,2.0,2.0,2.0,2.0,2.0,2.0,3.0,2.0,2.0,2.0,2.0,2.0,2.0,2.0,3.0,2.0,2.0,2.0,2.0,3.0,2.0,3.0,3.0,2.0,1.0,3.0,2.0,2.0,2.0,2.0,2.0,2.0,1.0,1.0,2.0,2.0,3.0,2.0,2.0,3.0,2.0,2.0,2.0,2.0,2.0,2.0,2.0,2.0,3.0,2.0,2.0,3.0,2.0,2.0,1.0,3.0,2.0,2.0,2.0,2.0,1.0,2.0,3.0,1.0,3.0,2.0,2.0
5,2.0,2.0,2.0,2.0,2.0,2.0,3.0,2.0,2.0,3.0,2.0,3.0,3.0,3.0,3.0,2.0,2.0,2.0,2.0,2.0,2.0,3.0,3.0,3.0,3.0,2.0,3.0,3.0,2.0,3.0,2.0,2.0,2.0,3.0,2.0,2.0,2.0,2.0,2.0,3.0,2.0,3.0,2.0,2.0,2.0,2.0,2.0,3.0,2.0,2.0,2.0,2.0,3.0,3.0,3.0,3.0,2.0,2.0,3.0,3.0,3.0,2.0,2.0,3.0,2.0,2.0,2.0,2.0,2.0,3.0,2.0,3.0,3.0,2.0,2.0,3.0,2.0,2.0,3.0,2.0,3.0,3.0,3.0,3.0,3.0,2.0,2.0,2.0,3.0,2.0,2.0,2.0,2.0,2.0,2.0,3.0,1.0,3.0,3.0,3.0
6,2.0,2.0,3.0,3.0,3.0,2.0,3.0,2.0,2.0,3.0,2.0,3.0,4.0,3.0,3.0,2.0,2.0,2.0,2.0,3.0,3.0,4.0,3.0,3.0,3.0,3.0,3.0,3.0,2.0,3.0,2.0,2.0,2.0,3.0,2.0,3.0,2.0,3.0,3.0,3.0,2.0,4.0,2.0,2.0,2.0,3.0,2.0,3.0,3.0,3.0,3.0,2.0,4.0,3.0,4.0,4.0,2.0,2.0,3.0,3.0,3.0,3.0,3.0,3.0,3.0,2.0,2.0,2.0,2.0,3.0,2.0,3.0,3.0,2.0,2.0,3.0,2.0,3.0,3.0,3.0,3.0,3.0,3.0,3.0,3.0,2.0,2.0,2.0,3.0,2.0,3.0,3.0,2.0,2.0,2.0,3.0,2.0,3.0,3.0,3.0
7,2.0,3.0,3.0,3.0,3.0,3.0,4.0,2.0,2.0,4.0,3.0,3.0,4.0,3.0,3.0,2.0,2.0,3.0,2.0,3.0,3.0,4.0,3.0,4.0,4.0,3.0,4.0,4.0,2.0,3.0,3.0,2.0,3.0,3.0,3.0,4.0,2.0,3.0,3.0,4.0,2.0,4.0,3.0,3.0,2.0,3.0,3.0,3.0,4.0,3.0,4.0,3.0,4.0,3.0,5.0,4.0,3.0,2.0,4.0,3.0,4.0,3.0,3.0,3.0,4.0,2.0,3.0,3.0,3.0,3.0,3.0,3.0,3.0,2.0,3.0,3.0,3.0,3.0,3.0,3.0,3.0,3.0,3.0,4.0,4.0,3.0,3.0,3.0,4.0,3.0,4.0,3.0,3.0,2.0,3.0,3.0,3.0,4.0,4.0,4.0
8,3.0,3.0,3.0,3.0,4.0,3.0,4.0,3.0,3.0,4.0,3.0,4.0,4.0,4.0,3.0,3.0,3.0,3.0,3.0,3.0,3.0,4.0,3.0,4.0,4.0,3.0,5.0,4.0,3.0,3.0,3.0,2.0,3.0,3.0,3.0,4.0,3.0,3.0,4.0,4.0,2.0,4.0,3.0,4.0,3.0,3.0,4.0,4.0,4.0,3.0,4.0,3.0,4.0,3.0,5.0,4.0,3.0,3.0,4.0,4.0,4.0,4.0,3.0,3.0,4.0,3.0,4.0,3.0,3.0,3.0,3.0,4.0,3.0,3.0,3.0,3.0,3.0,3.0,3.0,3.0,3.0,3.0,3.0,4.0,4.0,3.0,3.0,3.0,4.0,3.0,5.0,3.0,4.0,3.0,3.0,3.0,3.0,4.0,4.0,4.0
9,3.0,3.0,4.0,4.0,4.0,3.0,5.0,3.0,3.0,4.0,3.0,4.0,4.0,4.0,3.0,3.0,4.0,4.0,3.0,3.0,4.0,4.0,4.0,4.0,4.0,3.0,5.0,4.0,4.0,3.0,4.0,3.0,3.0,3.0,3.0,4.0,3.0,4.0,4.0,5.0,3.0,4.0,3.0,4.0,3.0,3.0,4.0,4.0,4.0,4.0,5.0,3.0,4.0,3.0,5.0,4.0,3.0,3.0,5.0,5.0,4.0,4.0,4.0,4.0,4.0,3.0,4.0,4.0,4.0,4.0,3.0,5.0,3.0,3.0,3.0,4.0,3.0,4.0,4.0,4.0,4.0,4.0,3.0,5.0,4.0,3.0,3.0,3.0,4.0,3.0,5.0,4.0,4.0,3.0,3.0,4.0,3.0,4.0,4.0,4.0
10,3.0,4.0,4.0,4.0,5.0,3.0,5.0,3.0,3.0,4.0,3.0,4.0,4.0,4.0,4.0,3.0,4.0,4.0,4.0,4.0,4.0,4.0,4.0,4.0,5.0,4.0,5.0,5.0,4.0,4.0,4.0,3.0,3.0,4.0,4.0,4.0,4.0,5.0,4.0,5.0,3.0,4.0,3.0,4.0,3.0,4.0,4.0,4.0,4.0,4.0,5.0,4.0,5.0,3.0,5.0,4.0,4.0,3.0,6.0,5.0,5.0,4.0,4.0,4.0,4.0,3.0,4.0,4.0,4.0,4.0,3.0,5.0,4.0,4.0,3.0,4.0,3.0,4.0,4.0,4.0,4.0,5.0,4.0,5.0,4.0,4.0,3.0,3.0,4.0,3.0,5.0,4.0,4.0,3.0,4.0,4.0,4.0,5.0,4.0,4.0
11,4.0,4.0,4.0,4.0,5.0,4.0,6.0,4.0,4.0,5.0,4.0,4.0,5.0,4.0,4.0,4.0,5.0,5.0,4.0,4.0,5.0,5.0,4.0,5.0,5.0,4.0,5.0,5.0,4.0,4.0,4.0,3.0,4.0,4.0,5.0,4.0,4.0,5.0,5.0,5.0,4.0,4.0,4.0,4.0,4.0,5.0,5.0,5.0,4.0,4.0,5.0,4.0,5.0,4.0,6.0,5.0,4.0,3.0,6.0,5.0,5.0,5.0,4.0,5.0,5.0,4.0,4.0,4.0,4.0,4.0,4.0,5.0,4.0,4.0,3.0,5.0,3.0,4.0,4.0,5.0,4.0,5.0,4.0,5.0,4.0,4.0,4.0,3.0,5.0,4.0,6.0,5.0,4.0,4.0,4.0,4.0,4.0,5.0,5.0,5.0
12,4.0,4.0,4.0,4.0,6.0,4.0,6.0,4.0,5.0,5.0,4.0,5.0,5.0,5.0,5.0,4.0,5.0,5.0,5.0,4.0,5.0,5.0,4.0,5.0,5.0,4.0,6.0,6.0,4.0,5.0,5.0,3.0,4.0,5.0,5.0,5.0,4.0,5.0,5.0,5.0,4.0,4.0,4.0,4.0,4.0,5.0,5.0,5.0,5.0,4.0,5.0,5.0,6.0,4.0,6.0,5.0,4.0,4.0,6.0,5.0,6.0,5.0,4.0,5.0,5.0,4.0,4.0,4.0,4.0,5.0,5.0,5.0,4.0,4.0,4.0,6.0,4.0,5.0,5.0,5.0,4.0,5.0,4.0,5.0,5.0,4.0,5.0,3.0,5.0,4.0,6.0,5.0,5.0,4.0,4.0,4.0,4.0,5.0,5.0,5.0
13,5.0,5.0,5.0,5.0,6.0,4.0,7.0,5.0,5.0,6.0,5.0,6.0,6.0,5.0,5.0,4.0,6.0,5.0,5.0,4.0,5.0,6.0,5.0,6.0,6.0,4.0,7.0,6.0,5.0,5.0,5.0,4.0,4.0,5.0,5.0,5.0,4.0,5.0,6.0,6.0,5.0,5.0,5.0,4.0,4.0,5.0,5.0,5.0,5.0,4.0,5.0,5.0,6.0,5.0,6.0,6.0,5.0,4.0,6.0,5.0,6.0,5.0,5.0,6.0,6.0,5.0,5.0,5.0,4.0,5.0,5.0,6.0,5.0,5.0,4.0,6.0,4.0,5.0,5.0,6.0,5.0,5.0,5.0,6.0,6.0,4.0,5.0,4.0,5.0,5.0,7.0,5.0,5.0,4.0,5.0,5.0,5.0,6.0,5.0,6.0
14,5.0,5.0,5.0,5.0,6.0,5.0,7.0,5.0,5.0,6.0,5.0,6.0,6.0,5.0,5.0,5.0,6.0,6.0,6.0,5.0,5.0,6.0,5.0,6.0,7.0,5.0,7.0,6.0,5.0,5.0,5.0,5.0,4.0,5.0,6.0,5.0,4.0,6.0,6.0,6.0,5.0,5.0,5.0,5.0,5.0,5.0,6.0,6.0,5.0,5.0,6.0,5.0,6.0,6.0,6.0,6.0,5.0,4.0,6.0,5.0,6.0,6.0,5.0,6.0,6.0,6.0,5.0,5.0,4.0,6.0,5.0,6.0,5.0,5.0,5.0,6.0,4.0,6.0,5.0,6.0,5.0,6.0,5.0,6.0,6.0,5.0,6.0,4.0,5.0,5.0,7.0,5.0,5.0,5.0,5.0,5.0,5.0,6.0,6.0,6.0
15,5.0,5.0,6.0,5.0,6.0,5.0,7.0,5.0,6.0,6.0,5.0,6.0,6.0,6.0,5.0,5.0,7.0,6.0,6.0,5.0,6.0,6.0,5.0,6.0,7.0,5.0,7.0,6.0,6.0,5.0,6.0,5.0,5.0,6.0,6.0,5.0,5.0,6.0,6.0,6.0,5.0,5.0,5.0,5.0,5.0,5.0,7.0,6.0,6.0,6.0,6.0,5.0,7.0,6.0,7.0,6.0,5.0,5.0,7.0,6.0,6.0,6.0,6.0,6.0,6.0,6.0,6.0,6.0,4.0,6.0,5.0,6.0,6.0,5.0,5.0,6.0,5.0,6.0,5.0,6.0,6.0,6.0,5.0,6.0,7.0,5.0,6.0,4.0,6.0,5.0,7.0,6.0,6.0,5.0,5.0,6.0,6.0,7.0,6.0,6.0
16,5.0,6.0,6.0,6.0,7.0,5.0,7.0,5.0,6.0,7.0,5.0,6.0,7.0,6.0,6.0,5.0,7.0,6.0,6.0,5.0,6.0,7.0,6.0,7.0,7.0,5.0,7.0,6.0,6.0,6.0,6.0,6.0,6.0,6.0,6.0,5.0,5.0,7.0,6.0,6.0,5.0,6.0,5.0,5.0,6.0,5.0,7.0,6.0,6.0,6.0,6.0,6.0,7.0,6.0,7.0,6.0,5.0,5.0,7.0,6.0,7.0,6.0,6.0,7.0,6.0,6.0,6.0,6.0,5.0,6.0,5.0,7.0,6.0,5.0,6.0,6.0,5.0,6.0,6.0,6.0,6.0,6.0,5.0,6.0,7.0,6.0,6.0,5.0,6.0,6.0,7.0,6.0,6.0,5.0,5.0,6.0,6.0,7.0,6.0,7.0
17,6.0,6.0,7.0,6.0,7.0,5.0,8.0,5.0,7.0,7.0,6.0,7.0,7.0,6.0,6.0,6.0,8.0,6.0,6.0,5.0,6.0,8.0,6.0,8.0,7.0,5.0,7.0,6.0,6.0,6.0,6.0,6.0,6.0,7.0,6.0,6.0,5.0,8.0,6.0,7.0,5.0,6.0,6.0,6.0,6.0,6.0,7.0,7.0,6.0,6.0,7.0,6.0,7.0,6.0,7.0,7.0,5.0,6.0,7.0,6.0,7.0,6.0,7.0,8.0,6.0,6.0,6.0,6.0,5.0,6.0,6.0,8.0,7.0,5.0,6.0,7.0,6.0,6.0,6.0,7.0,6.0,6.0,6.0,7.0,8.0,6.0,6.0,5.0,7.0,6.0,8.0,7.0,6.0,6.0,6.0,6.0,7.0,7.0,7.0,7.0
18,6.0,6.0,7.0,7.0,8.0,6.0,8.0,6.0,7.0,8.0,6.0,7.0,8.0,6.0,7.0,6.0,8.0,7.0,7.0,6.0,7.0,8.0,6.0,8.0,8.0,6.0,8.0,7.0,6.0,7.0,7.0,7.0,6.0,7.0,6.0,6.0,5.0,8.0,7.0,7.0,6.0,7.0,6.0,6.0,7.0,6.0,8.0,7.0,7.0,7.0,8.0,6.0,7.0,6.0,8.0,8.0,6.0,6.0,8.0,6.0,8.0,7.0,7.0,8.0,7.0,7.0,6.0,7.0,6.0,6.0,6.0,8.0,8.0,6.0,6.0,8.0,6.0,6.0,6.0,7.0,6.0,6.0,6.0,8.0,8.0,6.0,6.0,6.0,7.0,7.0,8.0,7.0,7.0,7.0,6.0,6.0,7.0,8.0,7.0,7.0
19,6.0,7.0,7.0,7.0,8.0,6.0,8.0,6.0,7.0,8.0,7.0,8.0,8.0,7.0,7.0,6.0,8.0,7.0,7.0,6.0,7.0,8.0,6.0,9.0,8.0,6.0,8.0,7.0,7.0,7.0,7.0,8.0,6.0,8.0,7.0,6.0,6.0,8.0,8.0,7.0,6.0,7.0,6.0,6.0,7.0,6.0,8.0,7.0,7.0,7.0,8.0,7.0,8.0,6.0,8.0,8.0,6.0,7.0,8.0,7.0,8.0,8.0,7.0,8.0,7.0,7.0,7.0,7.0,6.0,7.0,6.0,8.0,8.0,6.0,7.0,8.0,7.0,6.0,7.0,8.0,7.0,7.0,6.0,9.0,9.0,6.0,7.0,6.0,7.0,8.0,8.0,8.0,7.0,7.0,6.0,7.0,8.0,8.0,8.0,7.0
20,6.0,7.0,7.0,7.0,8.0,6.0,8.0,7.0,7.0,8.0,7.0,8.0,9.0,7.0,7.0,6.0,8.0,7.0,8.0,7.0,7.0,9.0,7.0,9.0,9.0,7.0,9.0,7.0,7.0,7.0,8.0,8.0,7.0,8.0,7.0,7.0,6.0,8.0,8.0,7.0,7.0,8.0,7.0,7.0,8.0,7.0,8.0,8.0,8.0,8.0,8.0,7.0,9.0,7.0,8.0,8.0,6.0,7.0,8.0,7.0,8.0,9.0,8.0,8.0,8.0,8.0,8.0,7.0,7.0,7.0,6.0,8.0,8.0,6.0,7.0,8.0,7.0,7.0,7.0,8.0,7.0,7.0,7.0,9.0,9.0,6.0,7.0,7.0,8.0,8.0,9.0,9.0,7.0,7.0,6.0,7.0,8.0,8.0,8.0,8.0
21,7.0,7.0,7.0,7.0,9.0,6.0,9.0,7.0,7.0,8.0,8.0,8.0,9.0,8.0,7.0,7.0,9.0,8.0,8.0,7.0,8.0,9.0,7.0,10.0,9.0,7.0,10.0,8.0,8.0,8.0,8.0,8.0,7.0,8.0,8.0,7.0,6.0,8.0,8.0,7.0,7.0,8.0,7.0,8.0,8.0,8.0,8.0,8.0,8.0,8.0,8.0,7.0,10.0,7.0,8.0,8.0,7.0,8.0,9.0,7.0,9.0,9.0,8.0,9.0,8.0,8.0,8.0,8.0,7.0,7.0,6.0,8.0,8.0,6.0,8.0,8.0,7.0,7.0,7.0,8.0,7.0,8.0,7.0,9.0,10.0,7.0,7.0,7.0,8.0,8.0,9.0,9.0,8.0,7.0,7.0,8.0,8.0,8.0,8.0,8.0
22,8.0,8.0,8.0,8.0,10.0,7.0,9.0,8.0,8.0,8.0,8.0,9.0,10.0,8.0,8.0,7.0,9.0,8.0,8.0,7.0,8.0,9.0,8.0,10.0,9.0,7.0,10.0,8.0,8.0,8.0,8.0,8.0,7.0,8.0,8.0,8.0,6.0,8.0,8.0,8.0,8.0,8.0,7.0,8.0,8.0,8.0,9.0,9.0,8.0,9.0,8.0,8.0,11.0,7.0,9.0,9.0,7.0,8.0,9.0,8.0,9.0,9.0,9.0,9.0,8.0,8.0,8.0,8.0,8.0,8.0,7.0,8.0,8.0,7.0,8.0,9.0,7.0,7.0,8.0,8.0,8.0,8.0,8.0,9.0,10.0,7.0,8.0,7.0,9.0,8.0,9.0,9.0,9.0,8.0,7.0,8.0,9.0,9.0,8.0,9.0
23,8.0,8.0,8.0,9.0,10.0,7.0,10.0,8.0,8.0,9.0,8.0,9.0,10.0,9.0,8.0,8.0,9.0,9.0,9.0,8.0,8.0,10.0,8.0,10.0,9.0,7.0,10.0,8.0,9.0,8.0,9.0,8.0,7.0,9.0,8.0,8.0,7.0,9.0,8.0,8.0,8.0,9.0,8.0,8.0,9.0,8.0,9.0,9.0,9.0,9.0,9.0,8.0,11.0,7.0,9.0,9.0,7.0,9.0,9.0,8.0,9.0,9.0,9.0,9.0,8.0,9.0,8.0,8.0,8.0,8.0,8.0,8.0,8.0,7.0,9.0,9.0,8.0,8.0,8.0,9.0,8.0,8.0,8.0,9.0,10.0,8.0,8.0,7.0,10.0,8.0,10.0,10.0,9.0,8.0,7.0,8.0,9.0,9.0,8.0,9.0
24,9.0,9.0,8.0,9.0,11.0,7.0,10.0,8.0,9.0,9.0,8.0,9.0,10.0,9.0,8.0,8.0,10.0,9.0,10.0,8.0,9.0,10.0,8.0,10.0,9.0,7.0,11.0,9.0,9.0,9.0,9.0,8.0,7.0,9.0,9.0,8.0,7.0,9.0,8.0,9.0,8.0,9.0,8.0,8.0,9.0,8.0,9.0,9.0,9.0,9.0,9.0,8.0,11.0,7.0,9.0,9.0,8.0,9.0,9.0,8.0,9.0,9.0,10.0,9.0,8.0,9.0,8.0,9.0,8.0,9.0,8.0,8.0,9.0,8.0,9.0,10.0,9.0,8.0,8.0,10.0,8.0,9.0,8.0,9.0,10.0,8.0,8.0,7.0,10.0,9.0,10.0,11.0,9.0,8.0,8.0,9.0,9.0,9.0,9.0,9.0
25,9.0,9.0,8.0,9.0,11.0,7.0,10.0,9.0,9.0,9.0,8.0,9.0,11.0,9.0,9.0,9.0,10.0,9.0,10.0,8.0,9.0,10.0,8.0,10.0,10.0,8.0,11.0,9.0,9.0,9.0,9.0,9.0,7.0,10.0,10.0,9.0,8.0,9.0,9.0,9.0,8.0,9.0,8.0,9.0,10.0,9.0,9.0,9.0,9.0,9.0,9.0,8.0,11.0,8.0,10.0,9.0,8.0,9.0,10.0,9.0,9.0,9.0,10.0,10.0,9.0,9.0,8.0,9.0,9.0,9.0,8.0,9.0,9.0,9.0,9.0,10.0,9.0,8.0,8.0,10.0,8.0,9.0,8.0,10.0,10.0,8.0,8.0,7.0,11.0,9.0,10.0,11.0,9.0,8.0,8.0,10.0,9.0,9.0,9.0,10.0
26,9.0,10.0,9.0,9.0,11.0,7.0,11.0,9.0,10.0,9.0,8.0,9.0,11.0,9.0,9.0,9.0,11.0,10.0,10.0,8.0,9.0,10.0,8.0,10.0,10.0,8.0,11.0,10.0,9.0,9.0,9.0,9.0,8.0,10.0,10.0,9.0,8.0,9.0,9.0,9.0,9.0,9.0,8.0,9.0,10.0,10.0,10.0,10.0,9.0,10.0,9.0,8.0,12.0,8.0,10.0,9.0,8.0,9.0,10.0,9.0,10.0,10.0,11.0,10.0,9.0,9.0,8.0,9.0,9.0,10.0,8.0,9.0,9.0,9.0,10.0,10.0,9.0,8.0,9.0,10.0,9.0,9.0,9.0,10.0,10.0,9.0,9.0,8.0,11.0,10.0,10.0,11.0,9.0,8.0,8.0,10.0,10.0,10.0,10.0,10.0
27,9.0,10.0,9.0,9.0,11.0,8.0,11.0,9.0,10.0,10.0,8.0,10.0,11.0,9.0,10.0,10.0,11.0,10.0,10.0,8.0,9.0,11.0,9.0,10.0,10.0,8.0,11.0,10.0,10.0,10.0,10.0,10.0,9.0,10.0,10.0,9.0,8.0,9.0,9.0,9.0,9.0,10.0,9.0,9.0,10.0,10.0,11.0,10.0,10.0,10.0,10.0,9.0,12.0,8.0,10.0,10.0,8.0,10.0,10.0,9.0,10.0,11.0,11.0,11.0,10.0,10.0,9.0,9.0,9.0,10.0,8.0,9.0,10.0,10.0,10.0,10.0,9.0,9.0,9.0,10.0,9.0,10.0,10.0,11.0,11.0,9.0,10.0,8.0,12.0,10.0,11.0,11.0,10.0,8.0,9.0,10.0,10.0,11.0,11.0,10.0
28,10.0,10.0,9.0,10.0,11.0,8.0,11.0,9.0,10.0,10.0,9.0,10.0,11.0,10.0,10.0,10.0,11.0,11.0,10.0,9.0,10.0,11.0,9.0,11.0,10.0,9.0,11.0,10.0,10.0,10.0,10.0,10.0,9.0,10.0,10.0,10.0,8.0,10.0,9.0,9.0,9.0,10.0,9.0,10.0,11.0,10.0,11.0,10.0,10.0,10.0,10.0,9.0,12.0,9.0,10.0,10.0,9.0,10.0,11.0,10.0,10.0,11.0,11.0,11.0,10.0,10.0,9.0,10.0,10.0,10.0,8.0,9.0,10.0,10.0,10.0,10.0,9.0,9.0,9.0,10.0,9.0,10.0,10.0,11.0,11.0,9.0,10.0,9.0,12.0,10.0,11.0,12.0,10.0,9.0,10.0,10.0,10.0,11.0,11.0,10.0
29,10.0,11.0,9.0,10.0,11.0,8.0,11.0,10.0,10.0,11.0,9.0,11.0,12.0,11.0,10.0,10.0,11.0,11.0,11.0,9.0,10.0,11.0,10.0,11.0,10.0,9.0,12.0,10.0,10.0,10.0,11.0,11.0,10.0,11.0,10.0,10.0,8.0,10.0,10.0,10.0,10.0,10.0,9.0,10.0,11.0,10.0,11.0,10.0,11.0,10.0,10.0,9.0,12.0,9.0,10.0,10.0,9.0,11.0,11.0,10.0,10.0,11.0,11.0,12.0,10.0,11.0,9.0,10.0,10.0,10.0,8.0,10.0,10.0,10.0,11.0,11.0,10.0,9.0,10.0,11.0,9.0,10.0,11.0,12.0,12.0,9.0,10.0,9.0,12.0,10.0,11.0,12.0,11.0,10.0,10.0,11.0,10.0,11.0,11.0,10.0
30,10.0,11.0,10.0,11.0,12.0,9.0,11.0,10.0,10.0,11.0,10.0,11.0,12.0,11.0,10.0,10.0,12.0,12.0,11.0,9.0,11.0,11.0,10.0,12.0,11.0,9.0,12.0,11.0,11.0,10.0,11.0,11.0,10.0,11.0,11.0,10.0,9.0,10.0,10.0,10.0,10.0,11.0,10.0,10.0,11.0,11.0,12.0,11.0,12.0,10.0,10.0,9.0,12.0,9.0,11.0,11.0,10.0,11.0,11.0,10.0,11.0,11.0,12.0,12.0,11.0,11.0,9.0,10.0,11.0,10.0,9.0,10.0,10.0,11.0,11.0,11.0,11.0,9.0,10.0,11.0,10.0,10.0,11.0,13.0,12.0,10.0,10.0,9.0,12.0,11.0,12.0,12.0,11.0,10.0,10.0,11.0,11.0,11.0,12.0,11.0
31,10.0,11.0,10.0,11.0,12.0,9.0,12.0,10.0,10.0,11.0,10.0,11.0,13.0,11.0,11.0,11.0,12.0,12.0,11.0,10.0,11.0,12.0,10.0,12.0,11.0,9.0,12.0,11.0,11.0,11.0,11.0,11.0,10.0,12.0,11.0,10.0,10.0,10.0,10.0,10.0,10.0,11.0,10.0,10.0,11.0,11.0,12.0,11.0,12.0,11.0,11.0,9.0,13.0,9.0,11.0,11.0,10.0,11.0,12.0,10.0,11.0,11.0,13.0,12.0,11.0,11.0,10.0,11.0,11.0,11.0,9.0,10.0,10.0,11.0,11.0,11.0,11.0,10.0,10.0,11.0,11.0,10.0,11.0,13.0,12.0,10.0,11.0,10.0,12.0,11.0,13.0,13.0,12.0,10.0,10.0,11.0,11.0,11.0,12.0,11.0
32,10.0,12.0,10.0,11.0,13.0,9.0,12.0,11.0,11.0,12.0,11.0,12.0,13.0,11.0,11.0,11.0,12.0,12.0,12.0,10.0,11.0,12.0,11.0,13.0,11.0,10.0,12.0,11.0,11.0,11.0,12.0,12.0,10.0,12.0,12.0,10.0,10.0,11.0,11.0,10.0,10.0,11.0,10.0,11.0,11.0,11.0,12.0,11.0,12.0,11.0,11.0,10.0,13.0,10.0,11.0,12.0,10.0,11.0,12.0,11.0,12.0,12.0,13.0,12.0,11.0,11.0,10.0,11.0,12.0,11.0,10.0,10.0,11.0,11.0,12.0,12.0,11.0,10.0,11.0,12.0,11.0,11.0,11.0,14.0,13.0,10.0,12.0,10.0,12.0,11.0,13.0,13.0,12.0,11.0,11.0,11.0,12.0,12.0,12.0,12.0
33,11.0,12.0,10.0,11.0,13.0,10.0,13.0,11.0,11.0,12.0,11.0,12.0,13.0,11.0,11.0,11.0,13.0,12.0,12.0,11.0,12.0,13.0,11.0,13.0,12.0,10.0,12.0,11.0,12.0,12.0,12.0,13.0,11.0,13.0,13.0,10.0,10.0,12.0,11.0,11.0,10.0,11.0,10.0,11.0,12.0,12.0,13.0,12.0,12.0,11.0,11.0,10.0,14.0,10.0,12.0,12.0,11.0,11.0,13.0,11.0,12.0,12.0,13.0,12.0,12.0,12.0,11.0,11.0,12.0,12.0,11.0,11.0,11.0,12.0,12.0,12.0,11.0,10.0,11.0,12.0,12.0,11.0,11.0,14.0,13.0,11.0,12.0,10.0,12.0,12.0,14.0,13.0,12.0,11.0,11.0,11.0,12.0,12.0,12.0,12.0
34,11.0,13.0,11.0,12.0,13.0,10.0,13.0,11.0,12.0,13.0,11.0,13.0,14.0,11.0,11.0,12.0,13.0,12.0,13.0,11.0,12.0,13.0,11.0,13.0,12.0,11.0,13.0,12.0,12.0,12.0,13.0,13.0,11.0,13.0,13.0,11.0,10.0,12.0,12.0,11.0,11.0,12.0,11.0,11.0,12.0,12.0,13.0,12.0,12.0,12.0,12.0,10.0,14.0,10.0,13.0,12.0,11.0,12.0,13.0,11.0,13.0,12.0,13.0,13.0,12.0,12.0,11.0,12.0,12.0,12.0,12.0,11.0,11.0,12.0,13.0,12.0,11.0,11.0,11.0,12.0,12.0,11.0,12.0,14.0,13.0,11.0,12.0,11.0,13.0,12.0,14.0,13.0,13.0,11.0,11.0,12.0,12.0,12.0,12.0,12.0
35,11.0,13.0,11.0,12.0,14.0,11.0,13.0,12.0,12.0,13.0,12.0,13.0,14.0,11.0,12.0,12.0,13.0,13.0,13.0,11.0,12.0,13.0,11.0,14.0,13.0,12.0,14.0,12.0,12.0,12.0,13.0,14.0,11.0,13.0,13.0,11.0,11.0,12.0,12.0,11.0,11.0,13.0,11.0,11.0,13.0,12.0,13.0,12.0,13.0,12.0,12.0,11.0,14.0,11.0,13.0,12.0,11.0,13.0,13.0,11.0,13.0,12.0,14.0,13.0,13.0,12.0,11.0,12.0,12.0,12.0,12.0,11.0,12.0,13.0,13.0,13.0,11.0,11.0,12.0,13.0,12.0,12.0,12.0,15.0,13.0,11.0,12.0,11.0,13.0,12.0,14.0,14.0,13.0,11.0,12.0,12.0,12.0,12.0,12.0,12.0
36,11.0,13.0,11.0,12.0,14.0,11.0,13.0,12.0,12.0,13.0,13.0,13.0,15.0,12.0,12.0,12.0,13.0,13.0,13.0,12.0,12.0,13.0,11.0,14.0,13.0,12.0,14.0,12.0,12.0,13.0,13.0,14.0,12.0,13.0,13.0,12.0,11.0,13.0,12.0,12.0,12.0,13.0,11.0,12.0,14.0,13.0,13.0,13.0,13.0,13.0,12.0,12.0,14.0,11.0,13.0,13.0,12.0,13.0,14.0,12.0,13.0,13.0,14.0,13.0,13.0,13.0,11.0,12.0,12.0,12.0,12.0,12.0,12.0,13.0,13.0,13.0,12.0,11.0,13.0,13.0,12.0,12.0,13.0,15.0,14.0,11.0,13.0,12.0,14.0,13.0,14.0,14.0,13.0,12.0,12.0,12.0,13.0,13.0,13.0,13.0
37,12.0,13.0,11.0,13.0,15.0,11.0,14.0,13.0,12.0,13.0,13.0,13.0,15.0,12.0,12.0,13.0,14.0,13.0,13.0,12.0,13.0,13.0,11.0,14.0,13.0,12.0,15.0,13.0,13.0,13.0,13.0,14.0,12.0,13.0,13.0,12.0,12.0,13.0,12.0,12.0,12.0,13.0,11.0,12.0,14.0,14.0,14.0,14.0,13.0,13.0,12.0,13.0,15.0,11.0,14.0,13.0,12.0,13.0,14.0,12.0,13.0,13.0,15.0,13.0,13.0,13.0,11.0,12.0,13.0,12.0,12.0,12.0,12.0,14.0,13.0,13.0,12.0,11.0,13.0,13.0,12.0,12.0,13.0,15.0,14.0,11.0,13.0,12.0,14.0,13.0,15.0,14.0,13.0,12.0,12.0,12.0,13.0,13.0,13.0,14.0
38,12.0,13.0,12.0,14.0,15.0,11.0,15.0,13.0,13.0,14.0,13.0,14.0,16.0,13.0,13.0,13.0,14.0,14.0,14.0,12.0,14.0,13.0,12.0,14.0,14.0,12.0,15.0,13.0,13.0,13.0,14.0,14.0,12.0,14.0,14.0,12.0,12.0,13.0,12.0,12.0,12.0,13.0,12.0,12.0,14.0,15.0,14.0,14.0,13.0,13.0,13.0,13.0,15.0,12.0,14.0,14.0,13.0,14.0,14.0,12.0,13.0,14.0,15.0,14.0,13.0,13.0,12.0,13.0,14.0,13.0,12.0,12.0,13.0,14.0,14.0,14.0,13.0,11.0,13.0,14.0,13.0,13.0,13.0,16.0,14.0,12.0,13.0,12.0,14.0,13.0,15.0,14.0,14.0,12.0,12.0,13.0,13.0,13.0,13.0,14.0
39,13.0,13.0,12.0,14.0,15.0,12.0,15.0,14.0,13.0,14.0,13.0,14.0,16.0,13.0,14.0,13.0,14.0,14.0,14.0,12.0,14.0,13.0,12.0,15.0,14.0,12.0,15.0,14.0,13.0,13.0,14.0,15.0,12.0,15.0,14.0,13.0,13.0,14.0,13.0,13.0,13.0,14.0,12.0,12.0,14.0,15.0,15.0,14.0,13.0,13.0,13.0,13.0,15.0,12.0,14.0,15.0,13.0,14.0,14.0,12.0,14.0,14.0,15.0,14.0,14.0,13.0,12.0,13.0,14.0,13.0,13.0,12.0,13.0,14.0,14.0,14.0,13.0,12.0,13.0,14.0,13.0,13.0,14.0,16.0,14.0,12.0,14.0,13.0,14.0,13.0,15.0,15.0,14.0,13.0,13.0,13.0,14.0,13.0,14.0,14.0
40,13.0,13.0,13.0,14.0,15.0,12.0,16.0,14.0,13.0,14.0,13.0,14.0,16.0,13.0,14.0,14.0,14.0,15.0,14.0,12.0,14.0,14.0,12.0,15.0,14.0,12.0,15.0,14.0,13.0,13.0,15.0,15.0,12.0,15.0,14.0,13.0,13.0,14.0,13.0,13.0,13.0,14.0,12.0,13.0,14.0,16.0,15.0,14.0,14.0,13.0,14.0,13.0,15.0,12.0,15.0,15.0,13.0,14.0,15.0,13.0,14.0,14.0,15.0,15.0,14.0,14.0,13.0,14.0,14.0,13.0,13.0,13.0,13.0,15.0,15.0,14.0,13.0,12.0,14.0,14.0,13.0,14.0,15.0,17.0,15.0,12.0,14.0,13.0,15.0,13.0,15.0,15.0,15.0,13.0,13.0,13.0,14.0,13.0,15.0,14.0
41,14.0,14.0,14.0,14.0,15.0,12.0,17.0,15.0,13.0,14.0,13.0,14.0,16.0,13.0,14.0,14.0,15.0,15.0,15.0,13.0,14.0,14.0,13.0,15.0,14.0,13.0,15.0,14.0,13.0,13.0,15.0,15.0,13.0,15.0,15.0,13.0,14.0,14.0,14.0,14.0,13.0,14.0,13.0,13.0,15.0,16.0,15.0,15.0,15.0,14.0,14.0,13.0,16.0,13.0,16.0,15.0,14.0,14.0,15.0,13.0,14.0,15.0,15.0,15.0,15.0,15.0,13.0,14.0,15.0,14.0,13.0,13.0,14.0,15.0,15.0,15.0,13.0,12.0,14.0,15.0,13.0,14.0,15.0,17.0,15.0,12.0,14.0,13.0,15.0,14.0,15.0,16.0,15.0,13.0,13.0,14.0,14.0,14.0,15.0,14.0
42,14.0,14.0,14.0,14.0,15.0,12.0,17.0,15.0,14.0,15.0,14.0,15.0,16.0,13.0,14.0,15.0,15.0,15.0,15.0,13.0,15.0,15.0,13.0,15.0,15.0,13.0,15.0,15.0,14.0,14.0,16.0,16.0,14.0,15.0,15.0,13.0,14.0,15.0,14.0,14.0,13.0,15.0,13.0,13.0,15.0,17.0,15.0,15.0,15.0,14.0,15.0,14.0,16.0,13.0,17.0,15.0,14.0,14.0,15.0,14.0,14.0,15.0,16.0,15.0,16.0,15.0,14.0,14.0,15.0,14.0,14.0,13.0,14.0,15.0,15.0,15.0,13.0,13.0,14.0,15.0,14.0,14.0,15.0,18.0,15.0,13.0,15.0,14.0,15.0,14.0,15.0,16.0,15.0,14.0,13.0,14.0,15.0,14.0,15.0,15.0
43,14.0,15.0,15.0,15.0,16.0,13.0,17.0,15.0,14.0,15.0,15.0,15.0,17.0,13.0,15.0,15.0,15.0,15.0,16.0,14.0,15.0,15.0,14.0,16.0,16.0,13.0,15.0,15.0,15.0,14.0,16.0,17.0,14.0,15.0,15.0,14.0,14.0,15.0,15.0,14.0,13.0,15.0,13.0,14.0,15.0,18.0,15.0,15.0,15.0,14.0,15.0,14.0,16.0,13.0,17.0,15.0,15.0,14.0,15.0,14.0,15.0,16.0,16.0,15.0,16.0,15.0,14.0,15.0,15.0,14.0,14.0,14.0,14.0,15.0,15.0,15.0,14.0,14.0,14.0,15.0,14.0,14.0,15.0,18.0,16.0,13.0,15.0,15.0,16.0,14.0,16.0,16.0,16.0,14.0,14.0,14.0,15.0,15.0,15.0,15.0
44,14.0,15.0,15.0,15.0,16.0,13.0,17.0,15.0,15.0,16.0,15.0,15.0,17.0,14.0,15.0,15.0,15.0,16.0,16.0,14.0,16.0,16.0,15.0,16.0,16.0,14.0,15.0,15.0,15.0,14.0,16.0,17.0,14.0,16.0,15.0,14.0,14.0,15.0,15.0,14.0,13.0,15.0,14.0,14.0,15.0,18.0,16.0,15.0,16.0,15.0,15.0,14.0,17.0,14.0,17.0,15.0,15.0,15.0,16.0,14.0,15.0,16.0,16.0,15.0,16.0,15.0,14.0,15.0,16.0,14.0,14.0,14.0,14.0,15.0,15.0,15.0,14.0,14.0,15.0,16.0,14.0,15.0,16.0,18.0,16.0,14.0,16.0,15.0,16.0,14.0,16.0,16.0,16.0,15.0,14.0,15.0,15.0,15.0,15.0,16.0
45,15.0,16.0,16.0,15.0,16.0,14.0,18.0,16.0,15.0,16.0,15.0,15.0,17.0,14.0,15.0,16.0,16.0,16.0,16.0,14.0,17.0,17.0,15.0,16.0,17.0,14.0,16.0,15.0,15.0,14.0,16.0,17.0,14.0,16.0,16.0,14.0,15.0,16.0,15.0,15.0,14.0,15.0,14.0,14.0,15.0,18.0,16.0,15.0,16.0,15.0,15.0,14.0,17.0,14.0,17.0,16.0,15.0,15.0,16.0,14.0,15.0,17.0,17.0,16.0,17.0,15.0,15.0,15.0,16.0,15.0,14.0,14.0,15.0,16.0,15.0,16.0,14.0,14.0,16.0,16.0,14.0,15.0,16.0,18.0,16.0,14.0,16.0,15.0,16.0,15.0,16.0,17.0,16.0,15.0,14.0,16.0,15.0,15.0,15.0,16.0
46,15.0,16.0,16.0,16.0,17.0,14.0,18.0,17.0,15.0,17.0,15.0,16.0,18.0,15.0,16.0,16.0,16.0,16.0,17.0,15.0,17.0,17.0,15.0,17.0,17.0,14.0,17.0,16.0,15.0,15.0,16.0,17.0,15.0,17.0,16.0,14.0,15.0,16.0,15.0,16.0,14.0,16.0,14.0,15.0,16.0,18.0,16.0,16.0,16.0,15.0,15.0,15.0,17.0,14.0,17.0,16.0,16.0,16.0,16.0,15.0,16.0,18.0,17.0,17.0,17.0,16.0,15.0,15.0,17.0,15.0,15.0,14.0,15.0,16.0,16.0,16.0,15.0,14.0,16.0,16.0,14.0,15.0,16.0,19.0,16.0,15.0,16.0,16.0,17.0,15.0,16.0,17.0,16.0,15.0,14.0,16.0,15.0,15.0,16.0,16.0
47,15.0,16.0,16.0,16.0,17.0,15.0,18.0,17.0,15.0,17.0,15.0,16.0,18.0,15.0,16.0,17.0,16.0,16.0,17.0,15.0,17.0,17.0,15.0,17.0,17.0,14.0,17.0,16.0,16.0,15.0,17.0,18.0,15.0,17.0,17.0,15.0,16.0,17.0,15.0,16.0,15.0,16.0,14.0,15.0,17.0,18.0,17.0,16.0,16.0,16.0,16.0,15.0,17.0,14.0,17.0,16.0,16.0,16.0,17.0,15.0,16.0,18.0,17.0,17.0,17.0,16.0,16.0,16.0,17.0,16.0,16.0,15.0,16.0,16.0,17.0,16.0,15.0,15.0,16.0,16.0,15.0,15.0,17.0,19.0,17.0,15.0,16.0,17.0,17.0,16.0,17.0,17.0,16.0,15.0,15.0,16.0,16.0,16.0,16.0,17.0
48,15.0,16.0,16.0,17.0,18.0,15.0,18.0,17.0,16.0,18.0,16.0,16.0,18.0,15.0,16.0,17.0,16.0,17.0,17.0,16.0,17.0,18.0,15.0,17.0,17.0,15.0,18.0,17.0,16.0,15.0,18.0,18.0,16.0,17.0,17.0,15.0,16.0,17.0,16.0,16.0,15.0,16.0,15.0,15.0,17.0,18.0,17.0,17.0,17.0,16.0,16.0,15.0,18.0,14.0,17.0,16.0,16.0,16.0,17.0,15.0,16.0,18.0,18.0,18.0,17.0,17.0,16.0,16.0,17.0,16.0,16.0,16.0,16.0,17.0,17.0,16.0,15.0,15.0,16.0,17.0,15.0,16.0,17.0,19.0,17.0,15.0,17.0,17.0,17.0,16.0,17.0,18.0,16.0,16.0,15.0,16.0,16.0,17.0,17.0,17.0
49,15.0,17.0,17.0,17.0,18.0,16.0,18.0,18.0,16.0,18.0,16.0,16.0,18.0,15.0,17.0,17.0,16.0,17.0,18.0,16.0,18.0,18.0,16.0,18.0,18.0,15.0,18.0,17.0,16.0,16.0,18.0,18.0,16.0,18.0,18.0,16.0,16.0,18.0,16.0,16.0,15.0,16.0,15.0,15.0,17.0,19.0,17.0,17.0,17.0,17.0,16.0,15.0,18.0,14.0,18.0,16.0,16.0,16.0,17.0,16.0,16.0,19.0,19.0,18.0,17.0,17.0,16.0,16.0,17.0,17.0,16.0,16.0,16.0,17.0,18.0,16.0,15.0,16.0,16.0,17.0,15.0,16.0,17.0,19.0,17.0,15.0,17.0,17.0,17.0,17.0,18.0,18.0,17.0,16.0,15.0,17.0,16.0,17.0,17.0,17.0
50,16.0,17.0,17.0,18.0,18.0,16.0,18.0,18.0,16.0,18.0,16.0,16.0,19.0,16.0,17.0,17.0,17.0,17.0,18.0,16.0,18.0,18.0,16.0,18.0,18.0,16.0,18.0,18.0,17.0,16.0,18.0,18.0,16.0,18.0,18.0,17.0,16.0,18.0,16.0,16.0,16.0,16.0,15.0,15.0,18.0,19.0,17.0,18.0,18.0,17.0,16.0,15.0,18.0,15.0,18.0,17.0,17.0,17.0,18.0,16.0,17.0,19.0,19.0,18.0,18.0,17.0,16.0,17.0,18.0,17.0,16.0,16.0,17.0,17.0,18.0,17.0,16.0,16.0,17.0,18.0,16.0,16.0,17.0,20.0,18.0,15.0,18.0,17.0,17.0,17.0,18.0,18.0,17.0,17.0,15.0,17.0,17.0,17.0,17.0,17.0
51,17.0,17.0,17.0,19.0,19.0,16.0,19.0,18.0,16.0,18.0,17.0,17.0,19.0,17.0,18.0,18.0,17.0,17.0,18.0,16.0,18.0,18.0,16.0,18.0,18.0,16.0,18.0,18.0,17.0,17.0,18.0,19.0,16.0,18.0,18.0,17.0,17.0,19.0,16.0,17.0,16.0,17.0,16.0,16.0,18.0,19.0,18.0,18.0,18.0,17.0,17.0,16.0,18.0,15.0,19.0,17.0,17.0,18.0,19.0,16.0,17.0,19.0,19.0,18.0,18.0,18.0,17.0,17.0,18.0,18.0,16.0,16.0,17.0,17.0,18.0,17.0,16.0,16.0,17.0,18.0,16.0,16.0,17.0,21.0,19.0,15.0,18.0,17.0,18.0,17.0,18.0,18.0,17.0,17.0,16.0,17.0,17.0,17.0,17.0,18.0
52,17.0,17.0,17.0,19.0,19.0,16.0,20.0,18.0,17.0,18.0,18.0,17.0,19.0,17.0,18.0,18.0,17.0,17.0,18.0,17.0,18.0,18.0,17.0,19.0,19.0,16.0,18.0,18.0,17.0,17.0,18.0,19.0,17.0,18.0,18.0,17.0,17.0,19.0,17.0,17.0,17.0,17.0,17.0,16.0,18.0,19.0,18.0,18.0,19.0,18.0,17.0,16.0,19.0,15.0,19.0,18.0,17.0,18.0,19.0,16.0,17.0,20.0,19.0,18.0,18.0,18.0,17.0,17.0,18.0,18.0,16.0,17.0,17.0,18.0,18.0,17.0,16.0,17.0,17.0,19.0,16.0,16.0,18.0,21.0,19.0,16.0,19.0,17.0,18.0,18.0,19.0,18.0,18.0,17.0,16.0,17.0,17.0,18.0,17.0,18.0
53,18.0,17.0,17.0,19.0,19.0,16.0,20.0,19.0,17.0,19.0,18.0,18.0,19.0,17.0,19.0,18.0,18.0,18.0,18.0,17.0,19.0,19.0,17.0,19.0,20.0,16.0,19.0,18.0,18.0,17.0,18.0,19.0,17.0,18.0,18.0,17.0,17.0,19.0,18.0,17.0,18.0,17.0,17.0,16.0,18.0,20.0,19.0,18.0,19.0,18.0,17.0,16.0,19.0,15.0,19.0,19.0,18.0,18.0,19.0,17.0,17.0,20.0,20.0,19.0,19.0,18.0,17.0,18.0,19.0,18.0,16.0,18.0,17.0,18.0,18.0,18.0,17.0,17.0,17.0,19.0,17.0,17.0,18.0,21.0,19.0,16.0,19.0,17.0,19.0,18.0,19.0,19.0,18.0,17.0,17.0,18.0,17.0,19.0,18.0,18.0
54,18.0,18.0,17.0,19.0,19.0,16.0,20.0,19.0,18.0,19.0,18.0,18.0,20.0,18.0,19.0,19.0,18.0,19.0,19.0,18.0,19.0,19.0,17.0,20.0,20.0,17.0,19.0,18.0,18.0,17.0,19.0,19.0,18.0,19.0,18.0,17.0,18.0,19.0,18.0,18.0,18.0,18.0,17.0,17.0,19.0,20.0,19.0,18.0,19.0,18.0,17.0,17.0,19.0,15.0,19.0,19.0,18.0,18.0,20.0,17.0,17.0,20.0,20.0,20.0,19.0,19.0,17.0,18.0,19.0,18.0,17.0,18.0,18.0,19.0,18.0,18.0,17.0,17.0,18.0,19.0,17.0,17.0,18.0,22.0,19.0,16.0,20.0,17.0,19.0,18.0,19.0,19.0,18.0,18.0,17.0,18.0,18.0,19.0,19.0,19.0
55,18.0,18.0,18.0,20.0,20.0,17.0,20.0,19.0,18.0,19.0,19.0,18.0,20.0,18.0,19.0,20.0,19.0,19.0,19.0,18.0,20.0,19.0,17.0,21.0,20.0,17.0,19.0,19.0,18.0,17.0,19.0,20.0,19.0,19.0,19.0,17.0,18.0,19.0,18.0,18.0,18.0,18.0,17.0,17.0,19.0,21.0,19.0,19.0,19.0,19.0,18.0,17.0,20.0,16.0,20.0,19.0,18.0,18.0,20.0,18.0,18.0,21.0,21.0,20.0,20.0,19.0,18.0,18.0,19.0,19.0,18.0,18.0,18.0,19.0,19.0,19.0,17.0,18.0,18.0,19.0,17.0,17.0,19.0,22.0,20.0,17.0,20.0,18.0,19.0,19.0,20.0,20.0,19.0,18.0,17.0,19.0,19.0,19.0,19.0,20.0
56,19.0,19.0,18.0,20.0,20.0,17.0,20.0,20.0,18.0,19.0,19.0,18.0,20.0,18.0,20.0,21.0,20.0,19.0,19.0,18.0,20.0,19.0,18.0,22.0,21.0,18.0,20.0,19.0,18.0,17.0,19.0,21.0,19.0,19.0,19.0,17.0,18.0,20.0,18.0,18.0,18.0,18.0,17.0,17.0,20.0,21.0,19.0,19.0,19.0,19.0,18.0,18.0,20.0,16.0,20.0,19.0,19.0,18.0,20.0,18.0,18.0,21.0,21.0,20.0,21.0,20.0,19.0,18.0,20.0,19.0,18.0,19.0,18.0,19.0,20.0,19.0,18.0,18.0,18.0,19.0,18.0,17.0,19.0,22.0,20.0,17.0,20.0,19.0,19.0,19.0,20.0,20.0,19.0,18.0,17.0,19.0,19.0,19.0,20.0,20.0
57,19.0,19.0,18.0,20.0,20.0,18.0,20.0,20.0,18.0,20.0,20.0,19.0,21.0,18.0,20.0,21.0,20.0,19.0,20.0,18.0,20.0,20.0,18.0,22.0,21.0,18.0,20.0,20.0,19.0,18.0,19.0,21.0,19.0,20.0,20.0,18.0,18.0,20.0,18.0,19.0,18.0,19.0,18.0,17.0,20.0,21.0,20.0,20.0,20.0,19.0,19.0,18.0,20.0,17.0,21.0,20.0,19.0,18.0,20.0,19.0,18.0,21.0,21.0,21.0,22.0,20.0,19.0,19.0,20.0,19.0,18.0,20.0,18.0,20.0,20.0,20.0,18.0,19.0,19.0,19.0,18.0,18.0,19.0,22.0,21.0,18.0,20.0,19.0,20.0,19.0,20.0,20.0,20.0,18.0,18.0,20.0,19.0,19.0,21.0,20.0
58,19.0,19.0,18.0,20.0,20.0,19.0,21.0,20.0,18.0,20.0,21.0,19.0,22.0,18.0,21.0,21.0,20.0,20.0,20.0,18.0,21.0,20.0,19.0,22.0,21.0,18.0,21.0,20.0,19.0,18.0,19.0,21.0,19.0,20.0,20.0,18.0,18.0,21.0,19.0,19.0,18.0,19.0,18.0,18.0,20.0,22.0,21.0,20.0,20.0,19.0,19.0,19.0,21.0,18.0,22.0,20.0,19.0,19.0,21.0,19.0,19.0,21.0,21.0,21.0,22.0,20.0,19.0,19.0,20.0,20.0,18.0,20.0,19.0,20.0,20.0,20.0,19.0,19.0,19.0,19.0,18.0,18.0,19.0,22.0,21.0,18.0,21.0,20.0,20.0,20.0,20.0,21.0,20.0,18.0,18.0,20.0,19.0,20.0,21.0,20.0
59,19.0,20.0,19.0,20.0,21.0,19.0,21.0,20.0,18.0,20.0,21.0,19.0,22.0,18.0,21.0,22.0,20.0,20.0,21.0,19.0,21.0,20.0,19.0,23.0,21.0,19.0,21.0,20.0,19.0,18.0,19.0,22.0,19.0,20.0,20.0,18.0,19.0,21.0,20.0,19.0,19.0,19.0,18.0,18.0,21.0,22.0,21.0,21.0,21.0,19.0,20.0,20.0,22.0,18.0,23.0,20.0,20.0,19.0,21.0,20.0,19.0,22.0,22.0,21.0,23.0,20.0,20.0,19.0,21.0,20.0,19.0,20.0,19.0,20.0,20.0,20.0,19.0,20.0,19.0,19.0,18.0,18.0,20.0,22.0,22.0,18.0,21.0,20.0,20.0,20.0,20.0,21.0,20.0,18.0,18.0,20.0,19.0,20.0,21.0,20.0
60,19.0,21.0,19.0,21.0,21.0,19.0,21.0,21.0,18.0,21.0,21.0,20.0,22.0,19.0,21.0,22.0,20.0,20.0,22.0,19.0,21.0,21.0,19.0,23.0,21.0,19.0,22.0,20.0,19.0,19.0,20.0,22.0,20.0,21.0,20.0,19.0,20.0,21.0,20.0,19.0,20.0,20.0,18.0,18.0,21.0,22.0,21.0,21.0,21.0,20.0,20.0,20.0,22.0,18.0,23.0,21.0,20.0,20.0,22.0,20.0,20.0,22.0,23.0,22.0,23.0,21.0,20.0,20.0,22.0,20.0,19.0,20.0,19.0,20.0,20.0,20.0,19.0,20.0,19.0,20.0,18.0,18.0,20.0,23.0,22.0,19.0,21.0,20.0,20.0,20.0,21.0,21.0,20.0,19.0,18.0,20.0,19.0,20.0,21.0,21.0
61,20.0,21.0,20.0,21.0,21.0,19.0,22.0,22.0,19.0,21.0,21.0,20.0,22.0,19.0,21.0,22.0,21.0,20.0,22.0,19.0,22.0,22.0,20.0,23.0,22.0,19.0,22.0,20.0,19.0,19.0,20.0,22.0,20.0,22.0,21.0,19.0,20.0,21.0,20.0,20.0,20.0,20.0,18.0,18.0,21.0,22.0,21.0,21.0,21.0,20.0,20.0,21.0,22.0,19.0,23.0,21.0,20.0,20.0,22.0,20.0,21.0,22.0,23.0,22.0,23.0,21.0,20.0,20.0,22.0,21.0,19.0,20.0,19.0,21.0,20.0,21.0,19.0,20.0,19.0,21.0,18.0,19.0,21.0,23.0,22.0,19.0,21.0,20.0,21.0,20.0,21.0,22.0,20.0,19.0,18.0,20.0,19.0,20.0,21.0,21.0
62,20.0,21.0,20.0,22.0,21.0,20.0,22.0,22.0,19.0,22.0,22.0,20.0,22.0,20.0,21.0,22.0,21.0,20.0,22.0,19.0,23.0,22.0,21.0,23.0,22.0,19.0,22.0,20.0,19.0,19.0,20.0,22.0,20.0,22.0,22.0,19.0,20.0,22.0,20.0,20.0,20.0,20.0,18.0,19.0,22.0,23.0,21.0,21.0,21.0,21.0,20.0,21.0,22.0,19.0,24.0,22.0,20.0,20.0,22.0,20.0,21.0,23.0,23.0,22.0,24.0,21.0,21.0,20.0,22.0,21.0,19.0,20.0,19.0,21.0,21.0,21.0,20.0,20.0,20.0,22.0,19.0,19.0,21.0,23.0,22.0,19.0,21.0,20.0,21.0,21.0,22.0,23.0,21.0,19.0,19.0,20.0,20.0,21.0,22.0,22.0
63,20.0,21.0,21.0,22.0,22.0,20.0,22.0,22.0,20.0,22.0,22.0,20.0,23.0,20.0,22.0,23.0,21.0,21.0,23.0,20.0,23.0,22.0,21.0,23.0,22.0,19.0,22.0,21.0,20.0,20.0,20.0,23.0,21.0,22.0,22.0,20.0,20.0,22.0,21.0,20.0,20.0,20.0,19.0,19.0,22.0,23.0,22.0,21.0,21.0,21.0,21.0,21.0,22.0,19.0,24.0,22.0,20.0,20.0,23.0,20.0,21.0,23.0,24.0,22.0,24.0,22.0,22.0,21.0,22.0,21.0,20.0,20.0,19.0,21.0,21.0,22.0,21.0,21.0,20.0,22.0,19.0,19.0,21.0,24.0,22.0,20.0,22.0,21.0,22.0,21.0,22.0,23.0,21.0,19.0,19.0,20.0,20.0,22.0,22.0,22.0
64,20.0,22.0,21.0,22.0,22.0,21.0,22.0,22.0,21.0,22.0,22.0,20.0,23.0,20.0,22.0,23.0,22.0,22.0,23.0,20.0,23.0,23.0,21.0,24.0,22.0,20.0,23.0,21.0,20.0,20.0,20.0,23.0,21.0,22.0,22.0,20.0,20.0,22.0,21.0,21.0,21.0,20.0,19.0,19.0,23.0,23.0,22.0,21.0,22.0,21.0,21.0,21.0,22.0,19.0,24.0,22.0,21.0,20.0,23.0,20.0,21.0,23.0,24.0,23.0,25.0,22.0,22.0,21.0,22.0,21.0,20.0,21.0,20.0,21.0,21.0,22.0,21.0,21.0,20.0,22.0,19.0,20.0,22.0,24.0,23.0,20.0,22.0,21.0,23.0,21.0,23.0,23.0,21.0,20.0,19.0,20.0,21.0,22.0,23.0,22.0
65,21.0,22.0,21.0,23.0,22.0,21.0,23.0,22.0,21.0,22.0,23.0,21.0,23.0,21.0,22.0,23.0,22.0,22.0,23.0,21.0,24.0,23.0,21.0,25.0,23.0,20.0,23.0,22.0,20.0,20.0,21.0,23.0,22.0,23.0,23.0,20.0,21.0,22.0,21.0,21.0,22.0,21.0,19.0,20.0,23.0,24.0,22.0,22.0,22.0,22.0,22.0,22.0,22.0,19.0,24.0,23.0,21.0,21.0,23.0,21.0,22.0,24.0,24.0,23.0,25.0,22.0,22.0,21.0,23.0,22.0,21.0,21.0,20.0,22.0,22.0,23.0,21.0,22.0,21.0,23.0,19.0,20.0,22.0,24.0,23.0,20.0,22.0,21.0,23.0,22.0,23.0,23.0,22.0,20.0,19.0,21.0,21.0,22.0,23.0,22.0
66,21.0,22.0,21.0,23.0,23.0,22.0,23.0,23.0,21.0,23.0,23.0,21.0,23.0,21.0,23.0,23.0,22.0,22.0,24.0,21.0,24.0,23.0,22.0,25.0,23.0,21.0,23.0,22.0,21.0,21.0,21.0,24.0,22.0,23.0,23.0,20.0,21.0,22.0,22.0,22.0,22.0,21.0,19.0,20.0,23.0,24.0,22.0,22.0,22.0,23.0,22.0,22.0,23.0,19.0,25.0,23.0,21.0,21.0,24.0,21.0,22.0,24.0,25.0,23.0,25.0,23.0,22.0,21.0,23.0,22.0,21.0,21.0,21.0,22.0,23.0,23.0,21.0,22.0,21.0,23.0,20.0,21.0,22.0,24.0,23.0,21.0,22.0,21.0,23.0,22.0,23.0,24.0,22.0,21.0,20.0,21.0,21.0,22.0,23.0,23.0
67,22.0,22.0,21.0,23.0,23.0,22.0,24.0,24.0,21.0,23.0,23.0,22.0,24.0,22.0,23.0,24.0,22.0,23.0,24.0,21.0,24.0,23.0,22.0,25.0,23.0,21.0,24.0,22.0,21.0,21.0,22.0,24.0,23.0,23.0,23.0,21.0,21.0,22.0,22.0,22.0,22.0,21.0,20.0,20.0,24.0,24.0,23.0,23.0,22.0,23.0,22.0,22.0,23.0,20.0,25.0,23.0,22.0,22.0,24.0,21.0,22.0,24.0,25.0,23.0,25.0,24.0,23.0,22.0,23.0,22.0,21.0,22.0,21.0,22.0,23.0,23.0,22.0,22.0,21.0,24.0,20.0,21.0,23.0,25.0,24.0,21.0,23.0,22.0,23.0,22.0,24.0,24.0,23.0,21.0,20.0,22.0,21.0,22.0,24.0,23.0
68,22.0,23.0,21.0,23.0,24.0,23.0,24.0,24.0,22.0,23.0,23.0,22.0,24.0,22.0,23.0,24.0,23.0,23.0,25.0,21.0,25.0,24.0,22.0,25.0,24.0,22.0,24.0,23.0,21.0,22.0,22.0,24.0,23.0,23.0,24.0,21.0,21.0,23.0,23.0,22.0,22.0,21.0,20.0,20.0,24.0,25.0,23.0,23.0,22.0,23.0,22.0,23.0,23.0,20.0,25.0,24.0,22.0,22.0,24.0,22.0,23.0,24.0,25.0,24.0,26.0,24.0,23.0,23.0,24.0,23.0,22.0,22.0,22.0,22.0,23.0,23.0,22.0,22.0,21.0,24.0,21.0,22.0,24.0,25.0,25.0,21.0,23.0,22.0,23.0,23.0,24.0,25.0,23.0,22.0,20.0,22.0,21.0,23.0,24.0,23.0
69,23.0,23.0,21.0,24.0,24.0,23.0,25.0,24.0,22.0,23.0,24.0,22.0,24.0,22.0,24.0,24.0,23.0,23.0,25.0,22.0,26.0,24.0,22.0,25.0,24.0,22.0,24.0,23.0,21.0,22.0,23.0,25.0,24.0,24.0,24.0,21.0,22.0,23.0,23.0,22.0,22.0,22.0,21.0,21.0,24.0,25.0,23.0,23.0,23.0,23.0,23.0,23.0,23.0,21.0,25.0,24.0,22.0,22.0,25.0,22.0,23.0,25.0,25.0,24.0,26.0,25.0,23.0,23.0,24.0,23.0,22.0,23.0,22.0,22.0,23.0,24.0,22.0,22.0,21.0,25.0,21.0,23.0,24.0,25.0,25.0,21.0,23.0,23.0,24.0,24.0,24.0,25.0,23.0,22.0,21.0,23.0,21.0,23.0,24.0,24.0
70,23.0,24.0,22.0,24.0,25.0,24.0,25.0,25.0,23.0,24.0,25.0,23.0,25.0,23.0,24.0,24.0,23.0,23.0,25.0,22.0,26.0,24.0,23.0,26.0,25.0,22.0,25.0,23.0,22.0,23.0,23.0,25.0,24.0,25.0,25.0,21.0,22.0,24.0,23.0,23.0,23.0,22.0,21.0,21.0,25.0,25.0,24.0,23.0,23.0,23.0,23.0,23.0,24.0,21.0,25.0,25.0,22.0,22.0,25.0,23.0,24.0,25.0,26.0,24.0,26.0,25.0,23.0,24.0,24.0,23.0,22.0,23.0,22.0,23.0,24.0,24.0,22.0,22.0,22.0,25.0,21.0,23.0,24.0,26.0,25.0,22.0,23.0,23.0,24.0,24.0,25.0,25.0,23.0,22.0,21.0,23.0,22.0,23.0,24.0,24.0
71,24.0,24.0,22.0,24.0,25.0,24.0,25.0,26.0,23.0,24.0,25.0,23.0,25.0,23.0,24.0,24.0,24.0,23.0,25.0,22.0,26.0,24.0,23.0,26.0,25.0,22.0,25.0,24.0,22.0,23.0,23.0,25.0,24.0,25.0,25.0,22.0,22.0,24.0,23.0,23.0,23.0,22.0,21.0,22.0,25.0,25.0,24.0,23.0,23.0,24.0,24.0,23.0,25.0,21.0,26.0,26.0,23.0,23.0,26.0,23.0,24.0,25.0,26.0,25.0,27.0,25.0,24.0,24.0,24.0,24.0,22.0,23.0,22.0,23.0,24.0,25.0,23.0,23.0,22.0,25.0,22.0,23.0,25.0,26.0,25.0,22.0,24.0,23.0,25.0,24.0,26.0,26.0,23.0,22.0,21.0,23.0,22.0,24.0,25.0,25.0
72,24.0,25.0,23.0,24.0,25.0,24.0,25.0,26.0,23.0,25.0,25.0,24.0,26.0,23.0,25.0,25.0,24.0,24.0,25.0,22.0,27.0,24.0,24.0,26.0,25.0,22.0,25.0,24.0,22.0,23.0,23.0,26.0,24.0,25.0,26.0,22.0,23.0,24.0,23.0,23.0,23.0,23.0,22.0,22.0,25.0,25.0,24.0,23.0,24.0,24.0,25.0,24.0,25.0,21.0,26.0,26.0,23.0,23.0,26.0,23.0,24.0,26.0,26.0,25.0,27.0,25.0,24.0,24.0,25.0,24.0,22.0,23.0,22.0,24.0,24.0,25.0,23.0,23.0,22.0,25.0,22.0,23.0,25.0,27.0,25.0,22.0,24.0,24.0,25.0,25.0,26.0,26.0,23.0,23.0,22.0,23.0,22.0,24.0,25.0,25.0
73,24.0,25.0,23.0,24.0,25.0,24.0,25.0,26.0,24.0,25.0,25.0,24.0,26.0,23.0,25.0,25.0,24.0,24.0,26.0,23.0,27.0,25.0,24.0,27.0,25.0,23.0,26.0,24.0,23.0,24.0,24.0,26.0,24.0,25.0,26.0,22.0,24.0,24.0,24.0,23.0,23.0,23.0,22.0,22.0,25.0,26.0,24.0,24.0,24.0,24.0,25.0,24.0,25.0,22.0,27.0,26.0,23.0,24.0,26.0,24.0,25.0,26.0,27.0,25.0,27.0,26.0,25.0,25.0,25.0,24.0,22.0,24.0,23.0,24.0,24.0,25.0,23.0,23.0,22.0,25.0,22.0,24.0,26.0,27.0,25.0,22.0,24.0,24.0,25.0,26.0,27.0,26.0,24.0,23.0,22.0,23.0,23.0,24.0,26.0,25.0
74,24.0,25.0,23.0,25.0,25.0,25.0,26.0,26.0,24.0,25.0,25.0,24.0,26.0,24.0,26.0,25.0,25.0,24.0,26.0,23.0,28.0,25.0,24.0,27.0,25.0,23.0,26.0,25.0,23.0,24.0,24.0,27.0,24.0,25.0,26.0,22.0,24.0,24.0,24.0,23.0,23.0,23.0,22.0,22.0,25.0,26.0,25.0,24.0,25.0,24.0,25.0,24.0,25.0,22.0,27.0,26.0,24.0,24.0,27.0,24.0,25.0,26.0,27.0,26.0,27.0,26.0,25.0,25.0,26.0,25.0,23.0,24.0,23.0,24.0,24.0,26.0,24.0,23.0,23.0,26.0,23.0,24.0,26.0,27.0,26.0,22.0,25.0,24.0,26.0,26.0,27.0,26.0,24.0,23.0,22.0,24.0,23.0,24.0,26.0,26.0
75,24.0,25.0,24.0,25.0,26.0,25.0,26.0,26.0,25.0,25.0,26.0,24.0,26.0,24.0,26.0,25.0,25.0,25.0,26.0,23.0,28.0,25.0,24.0,27.0,26.0,23.0,26.0,26.0,23.0,24.0,24.0,27.0,24.0,26.0,26.0,23.0,24.0,25.0,25.0,24.0,24.0,23.0,22.0,23.0,26.0,26.0,25.0,25.0,25.0,25.0,26.0,24.0,25.0,22.0,28.0,26.0,24.0,24.0,28.0,24.0,25.0,26.0,27.0,27.0,28.0,26.0,26.0,25.0,26.0,25.0,23.0,24.0,23.0,25.0,24.0,26.0,24.0,24.0,23.0,26.0,24.0,24.0,27.0,27.0,27.0,23.0,25.0,24.0,26.0,26.0,27.0,26.0,25.0,23.0,22.0,24.0,24.0,25.0,26.0,26.0
76,25.0,25.0,24.0,25.0,26.0,25.0,26.0,27.0,25.0,25.0,26.0,24.0,27.0,24.0,26.0,26.0,25.0,25.0,27.0,23.0,28.0,26.0,25.0,27.0,26.0,24.0,26.0,26.0,23.0,24.0,25.0,28.0,25.0,26.0,27.0,23.0,24.0,25.0,25.0,24.0,24.0,23.0,23.0,23.0,27.0,27.0,25.0,25.0,26.0,25.0,27.0,25.0,25.0,23.0,28.0,27.0,24.0,24.0,29.0,24.0,26.0,27.0,27.0,27.0,29.0,27.0,26.0,25.0,26.0,26.0,24.0,24.0,24.0,25.0,24.0,27.0,24.0,24.0,23.0,26.0,24.0,24.0,27.0,27.0,28.0,23.0,26.0,24.0,26.0,26.0,28.0,26.0,25.0,24.0,22.0,24.0,24.0,25.0,26.0,27.0
77,25.0,25.0,25.0,26.0,27.0,25.0,27.0,27.0,25.0,26.0,26.0,25.0,28.0,24.0,26.0,26.0,26.0,25.0,27.0,24.0,29.0,26.0,25.0,28.0,26.0,24.0,27.0,26.0,24.0,24.0,25.0,28.0,25.0,26.0,27.0,23.0,24.0,25.0,25.0,25.0,24.0,24.0,23.0,23.0,27.0,27.0,26.0,25.0,26.0,26.0,27.0,25.0,26.0,23.0,29.0,27.0,24.0,25.0,29.0,25.0,26.0,27.0,28.0,27.0,29.0,27.0,26.0,26.0,27.0,26.0,24.0,25.0,24.0,25.0,24.0,27.0,24.0,24.0,24.0,27.0,24.0,24.0,27.0,28.0,28.0,23.0,26.0,25.0,27.0,27.0,28.0,27.0,25.0,24.0,23.0,25.0,24.0,26.0,27.0,27.0
78,25.0,26.0,25.0,26.0,27.0,26.0,27.0,28.0,25.0,26.0,27.0,25.0,28.0,25.0,26.0,26.0,26.0,26.0,27.0,24.0,29.0,26.0,25.0,28.0,27.0,24.0,28.0,26.0,24.0,25.0,25.0,28.0,26.0,26.0,27.0,24.0,25.0,26.0,26.0,25.0,24.0,24.0,23.0,24.0,27.0,27.0,27.0,25.0,27.0,26.0,27.0,25.0,26.0,23.0,29.0,27.0,25.0,25.0,29.0,25.0,26.0,27.0,28.0,27.0,29.0,27.0,26.0,26.0,27.0,26.0,24.0,26.0,25.0,25.0,25.0,27.0,24.0,25.0,24.0,27.0,25.0,25.0,27.0,29.0,28.0,23.0,26.0,26.0,27.0,27.0,29.0,27.0,25.0,25.0,24.0,26.0,24.0,26.0,27.0,28.0
79,25.0,26.0,25.0,27.0,27.0,26.0,27.0,28.0,25.0,27.0,27.0,25.0,28.0,26.0,27.0,27.0,26.0,26.0,27.0,25.0,29.0,26.0,26.0,28.0,27.0,24.0,28.0,27.0,24.0,25.0,26.0,28.0,26.0,27.0,28.0,24.0,25.0,26.0,27.0,25.0,25.0,25.0,23.0,24.0,28.0,27.0,27.0,26.0,27.0,26.0,27.0,26.0,26.0,23.0,29.0,28.0,26.0,25.0,29.0,25.0,26.0,27.0,29.0,28.0,29.0,28.0,26.0,26.0,27.0,26.0,24.0,26.0,25.0,26.0,26.0,27.0,24.0,25.0,24.0,28.0,25.0,25.0,27.0,29.0,28.0,24.0,27.0,26.0,28.0,27.0,29.0,28.0,26.0,25.0,24.0,26.0,24.0,26.0,27.0,28.0
80,25.0,26.0,25.0,27.0,27.0,27.0,27.0,28.0,26.0,27.0,27.0,25.0,29.0,26.0,28.0,27.0,26.0,26.0,28.0,25.0,29.0,27.0,26.0,29.0,27.0,24.0,28.0,27.0,25.0,26.0,26.0,28.0,26.0,27.0,28.0,24.0,26.0,26.0,27.0,26.0,25.0,25.0,24.0,25.0,28.0,28.0,27.0,26.0,27.0,26.0,27.0,26.0,26.0,24.0,29.0,29.0,26.0,26.0,30.0,25.0,27.0,28.0,29.0,28.0,30.0,28.0,27.0,26.0,28.0,27.0,24.0,26.0,25.0,26.0,27.0,28.0,25.0,25.0,25.0,28.0,25.0,26.0,28.0,29.0,29.0,24.0,27.0,27.0,28.0,27.0,30.0,28.0,26.0,25.0,24.0,26.0,25.0,26.0,28.0,28.0
81,26.0,26.0,26.0,28.0,27.0,27.0,28.0,28.0,26.0,27.0,27.0,26.0,29.0,26.0,28.0,27.0,26.0,27.0,28.0,25.0,29.0,27.0,26.0,29.0,28.0,25.0,29.0,28.0,25.0,26.0,26.0,29.0,27.0,28.0,28.0,25.0,26.0,27.0,27.0,26.0,25.0,26.0,24.0,25.0,28.0,28.0,28.0,26.0,27.0,26.0,27.0,27.0,27.0,24.0,30.0,29.0,26.0,26.0,30.0,26.0,27.0,28.0,30.0,28.0,30.0,28.0,27.0,27.0,28.0,27.0,25.0,26.0,25.0,26.0,27.0,28.0,26.0,25.0,25.0,28.0,25.0,26.0,29.0,29.0,29.0,24.0,27.0,27.0,28.0,28.0,30.0,29.0,27.0,26.0,24.0,27.0,25.0,27.0,29.0,28.0
82,26.0,27.0,26.0,28.0,28.0,28.0,28.0,28.0,27.0,28.0,27.0,26.0,29.0,26.0,28.0,28.0,27.0,27.0,28.0,25.0,30.0,27.0,27.0,29.0,28.0,25.0,29.0,28.0,25.0,26.0,27.0,29.0,28.0,28.0,28.0,25.0,26.0,27.0,27.0,26.0,26.0,26.0,24.0,26.0,28.0,29.0,28.0,26.0,28.0,27.0,27.0,27.0,27.0,24.0,30.0,29.0,27.0,26.0,31.0,26.0,28.0,28.0,30.0,28.0,31.0,28.0,28.0,28.0,28.0,27.0,25.0,27.0,26.0,26.0,27.0,28.0,26.0,26.0,25.0,28.0,26.0,26.0,29.0,29.0,29.0,24.0,27.0,27.0,29.0,28.0,31.0,30.0,27.0,26.0,25.0,27.0,25.0,27.0,29.0,29.0
83,27.0,27.0,26.0,28.0,28.0,28.0,28.0,29.0,27.0,28.0,27.0,26.0,30.0,26.0,28.0,29.0,27.0,27.0,28.0,26.0,30.0,28.0,27.0,30.0,28.0,25.0,29.0,29.0,26.0,26.0,27.0,29.0,28.0,28.0,29.0,26.0,26.0,27.0,27.0,27.0,26.0,27.0,25.0,27.0,29.0,29.0,28.0,27.0,28.0,27.0,28.0,28.0,27.0,24.0,30.0,29.0,28.0,26.0,31.0,26.0,28.0,28.0,30.0,29.0,31.0,28.0,28.0,28.0,29.0,28.0,25.0,28.0,26.0,26.0,27.0,28.0,26.0,26.0,25.0,28.0,26.0,26.0,29.0,29.0,30.0,25.0,28.0,27.0,29.0,29.0,31.0,30.0,27.0,27.0,25.0,27.0,26.0,27.0,29.0,30.0
84,27.0,28.0,26.0,28.0,29.0,29.0,28.0,29.0,27.0,29.0,28.0,26.0,30.0,26.0,29.0,29.0,28.0,27.0,29.0,26.0,31.0,28.0,28.0,30.0,29.0,26.0,30.0,29.0,26.0,26.0,27.0,30.0,28.0,28.0,29.0,26.0,26.0,27.0,28.0,27.0,26.0,27.0,25.0,27.0,29.0,29.0,29.0,27.0,28.0,27.0,28.0,28.0,28.0,25.0,31.0,30.0,28.0,27.0,31.0,26.0,28.0,29.0,31.0,29.0,31.0,29.0,29.0,28.0,29.0,28.0,26.0,28.0,26.0,27.0,27.0,28.0,26.0,26.0,25.0,29.0,26.0,27.0,29.0,30.0,30.0,25.0,28.0,27.0,29.0,29.0,31.0,30.0,27.0,27.0,26.0,28.0,26.0,28.0,30.0,30.0
85,27.0,28.0,26.0,29.0,30.0,29.0,29.0,29.0,27.0,29.0,28.0,26.0,30.0,27.0,29.0,29.0,28.0,28.0,29.0,27.0,31.0,28.0,28.0,30.0,29.0,26.0,30.0,29.0,27.0,26.0,28.0,30.0,28.0,29.0,30.0,27.0,26.0,28.0,28.0,27.0,27.0,28.0,25.0,27.0,30.0,30.0,29.0,28.0,28.0,27.0,29.0,28.0,28.0,25.0,31.0,30.0,28.0,27.0,31.0,27.0,28.0,29.0,31.0,29.0,32.0,29.0,29.0,28.0,29.0,28.0,26.0,28.0,27.0,28.0,28.0,28.0,26.0,27.0,25.0,29.0,27.0,27.0,30.0,31.0,31.0,25.0,28.0,28.0,29.0,30.0,31.0,30.0,28.0,27.0,26.0,28.0,26.0,28.0,30.0,30.0
86,28.0,28.0,26.0,29.0,30.0,29.0,29.0,29.0,27.0,29.0,29.0,27.0,30.0,27.0,29.0,29.0,28.0,28.0,30.0,27.0,32.0,28.0,28.0,30.0,30.0,26.0,30.0,30.0,28.0,27.0,28.0,30.0,28.0,29.0,30.0,27.0,27.0,28.0,28.0,28.0,27.0,28.0,26.0,27.0,30.0,30.0,30.0,28.0,28.0,27.0,29.0,29.0,28.0,26.0,31.0,30.0,28.0,28.0,32.0,27.0,29.0,30.0,31.0,29.0,32.0,29.0,29.0,28.0,29.0,28.0,27.0,29.0,27.0,28.0,28.0,28.0,27.0,27.0,26.0,30.0,27.0,28.0,30.0,31.0,31.0,26.0,28.0,28.0,29.0,30.0,31.0,30.0,29.0,28.0,26.0,28.0,26.0,28.0,30.0,30.0
87,28.0,29.0,27.0,30.0,30.0,29.0,30.0,30.0,27.0,29.0,29.0,27.0,31.0,27.0,30.0,29.0,29.0,28.0,30.0,27.0,32.0,29.0,28.0,31.0,30.0,27.0,30.0,30.0,28.0,27.0,28.0,31.0,28.0,29.0,30.0,27.0,27.0,28.0,29.0,29.0,27.0,28.0,26.0,27.0,30.0,31.0,30.0,28.0,29.0,28.0,29.0,29.0,28.0,26.0,32.0,30.0,28.0,28.0,32.0,27.0,29.0,30.0,31.0,29.0,32.0,30.0,29.0,28.0,29.0,29.0,27.0,29.0,28.0,28.0,28.0,29.0,27.0,27.0,26.0,30.0,28.0,28.0,30.0,32.0,31.0,26.0,28.0,28.0,30.0,30.0,32.0,30.0,29.0,28.0,27.0,28.0,27.0,28.0,31.0,31.0
88,28.0,29.0,27.0,30.0,30.0,30.0,30.0,30.0,27.0,29.0,29.0,27.0,31.0,27.0,30.0,29.0,29.0,29.0,30.0,27.0,33.0,29.0,29.0,31.0,31.0,27.0,31.0,30.0,28.0,27.0,29.0,31.0,29.0,30.0,30.0,27.0,28.0,29.0,29.0,29.0,28.0,29.0,26.0,28.0,30.0,31.0,31.0,28.0,29.0,28.0,30.0,29.0,29.0,26.0,32.0,31.0,28.0,28.0,33.0,27.0,30.0,30.0,32.0,30.0,33.0,30.0,30.0,28.0,30.0,29.0,28.0,30.0,28.0,28.0,28.0,29.0,27.0,27.0,26.0,30.0,28.0,28.0,30.0,32.0,31.0,26.0,29.0,29.0,30.0,31.0,32.0,31.0,29.0,29.0,27.0,28.0,27.0,29.0,31.0,31.0
89,29.0,29.0,27.0,30.0,30.0,31.0,31.0,31.0,28.0,30.0,29.0,28.0,31.0,28.0,30.0,29.0,29.0,29.0,30.0,28.0,33.0,29.0,29.0,31.0,31.0,27.0,31.0,30.0,28.0,27.0,29.0,31.0,29.0,30.0,31.0,28.0,28.0,29.0,30.0,29.0,28.0,29.0,26.0,29.0,31.0,31.0,31.0,29.0,29.0,28.0,30.0,29.0,30.0,26.0,33.0,31.0,29.0,28.0,33.0,28.0,30.0,30.0,32.0,30.0,33.0,30.0,30.0,29.0,30.0,30.0,28.0,30.0,28.0,28.0,29.0,30.0,27.0,27.0,26.0,30.0,28.0,29.0,30.0,32.0,31.0,26.0,29.0,30.0,30.0,31.0,32.0,31.0,29.0,29.0,27.0,29.0,27.0,29.0,32.0,31.0
90,29.0,30.0,27.0,31.0,31.0,31.0,31.0,31.0,28.0,30.0,29.0,28.0,32.0,28.0,30.0,30.0,30.0,29.0,31.0,28.0,34.0,30.0,30.0,31.0,31.0,27.0,32.0,30.0,28.0,27.0,29.0,31.0,29.0,30.0,31.0,28.0,28.0,29.0,30.0,29.0,29.0,29.0,27.0,29.0,31.0,31.0,31.0,29.0,29.0,29.0,31.0,30.0,30.0,27.0,33.0,31.0,29.0,29.0,34.0,29.0,30.0,30.0,32.0,31.0,34.0,31.0,30.0,29.0,31.0,30.0,29.0,30.0,29.0,28.0,29.0,30.0,27.0,28.0,26.0,30.0,28.0,29.0,31.0,32.0,32.0,27.0,29.0,30.0,30.0,31.0,33.0,32.0,29.0,29.0,28.0,29.0,28.0,30.0,32.0,32.0
91,29.0,30.0,27.0,31.0,31.0,31.0,32.0,31.0,29.0,31.0,30.0,29.0,33.0,29.0,31.0,30.0,30.0,29.0,31.0,28.0,34.0,30.0,30.0,31.0,31.0,28.0,32.0,30.0,29.0,28.0,30.0,31.0,29.0,30.0,31.0,28.0,28.0,29.0,30.0,30.0,29.0,29.0,27.0,29.0,32.0,32.0,32.0,29.0,30.0,29.0,31.0,30.0,30.0,27.0,33.0,32.0,29.0,29.0,34.0,29.0,31.0,31.0,32.0,31.0,34.0,31.0,31.0,29.0,31.0,30.0,29.0,30.0,29.0,28.0,29.0,30.0,27.0,28.0,27.0,30.0,28.0,29.0,31.0,33.0,32.0,27.0,29.0,30.0,30.0,31.0,33.0,32.0,30.0,30.0,28.0,29.0,28.0,30.0,33.0,32.0
92,29.0,30.0,27.0,31.0,32.0,31.0,32.0,31.0,29.0,31.0,30.0,29.0,33.0,29.0,31.0,30.0,30.0,30.0,31.0,28.0,35.0,30.0,31.0,32.0,32.0,28.0,32.0,31.0,29.0,29.0,30.0,32.0,30.0,31.0,31.0,28.0,28.0,30.0,30.0,30.0,29.0,29.0,27.0,30.0,32.0,32.0,32.0,29.0,30.0,29.0,31.0,30.0,30.0,27.0,34.0,32.0,30.0,29.0,34.0,29.0,31.0,31.0,33.0,31.0,34.0,32.0,31.0,29.0,31.0,31.0,29.0,31.0,29.0,29.0,29.0,30.0,28.0,29.0,28.0,30.0,29.0,30.0,32.0,33.0,32.0,27.0,30.0,31.0,30.0,32.0,33.0,32.0,30.0,30.0,28.0,30.0,29.0,30.0,33.0,32.0
93,30.0,31.0,28.0,32.0,32.0,32.0,32.0,32.0,29.0,31.0,30.0,30.0,34.0,29.0,31.0,30.0,30.0,30.0,32.0,28.0,35.0,30.0,31.0,32.0,32.0,29.0,32.0,31.0,29.0,29.0,31.0,32.0,30.0,31.0,32.0,29.0,29.0,30.0,31.0,30.0,30.0,30.0,28.0,30.0,33.0,32.0,32.0,30.0,30.0,30.0,31.0,30.0,30.0,27.0,34.0,32.0,30.0,30.0,35.0,30.0,32.0,31.0,33.0,32.0,34.0,32.0,31.0,30.0,31.0,31.0,30.0,31.0,30.0,29.0,30.0,31.0,28.0,29.0,28.0,31.0,29.0,31.0,32.0,33.0,33.0,28.0,30.0,32.0,31.0,32.0,34.0,32.0,30.0,30.0,29.0,31.0,29.0,31.0,33.0,32.0
94,30.0,31.0,28.0,32.0,32.0,32.0,32.0,32.0,29.0,32.0,30.0,30.0,34.0,29.0,32.0,31.0,30.0,30.0,33.0,28.0,35.0,30.0,32.0,33.0,33.0,29.0,33.0,31.0,29.0,29.0,31.0,32.0,30.0,31.0,32.0,29.0,29.0,30.0,31.0,31.0,30.0,30.0,28.0,30.0,33.0,32.0,32.0,30.0,31.0,30.0,32.0,31.0,31.0,27.0,35.0,33.0,30.0,30.0,35.0,30.0,32.0,32.0,33.0,32.0,34.0,33.0,31.0,30.0,32.0,32.0,30.0,31.0,30.0,29.0,30.0,31.0,28.0,30.0,29.0,32.0,29.0,31.0,32.0,34.0,33.0,28.0,30.0,32.0,31.0,33.0,34.0,32.0,30.0,30.0,29.0,31.0,29.0,31.0,34.0,33.0
95,30.0,31.0,28.0,32.0,33.0,33.0,33.0,32.0,30.0,32.0,31.0,31.0,35.0,29.0,32.0,31.0,30.0,30.0,34.0,29.0,35.0,31.0,32.0,34.0,33.0,29.0,33.0,31.0,30.0,29.0,31.0,33.0,30.0,31.0,33.0,29.0,30.0,30.0,32.0,31.0,31.0,30.0,28.0,30.0,34.0,33.0,33.0,30.0,31.0,30.0,32.0,31.0,31.0,28.0,35.0,33.0,31.0,30.0,35.0,30.0,33.0,32.0,34.0,32.0,35.0,33.0,31.0,30.0,32.0,32.0,30.0,32.0,30.0,29.0,30.0,31.0,29.0,30.0,30.0,32.0,29.0,31.0,32.0,34.0,33.0,29.0,30.0,32.0,31.0,33.0,35.0,33.0,31.0,30.0,29.0,31.0,30.0,31.0,34.0,33.0
96,30.0,32.0,29.0,33.0,33.0,33.0,33.0,32.0,30.0,32.0,31.0,31.0,36.0,30.0,32.0,31.0,31.0,30.0,34.0,29.0,36.0,31.0,32.0,34.0,33.0,29.0,33.0,32.0,30.0,30.0,31.0,33.0,30.0,32.0,33.0,29.0,30.0,30.0,32.0,31.0,31.0,31.0,28.0,30.0,34.0,33.0,33.0,30.0,31.0,30.0,32.0,31.0,31.0,29.0,35.0,33.0,31.0,30.0,36.0,31.0,33.0,32.0,34.0,33.0,35.0,33.0,32.0,31.0,32.0,33.0,30.0,32.0,30.0,30.0,30.0,31.0,29.0,30.0,30.0,32.0,30.0,31.0,33.0,34.0,33.0,29.0,31.0,33.0,32.0,33.0,35.0,33.0,31.0,31.0,29.0,31.0,30.0,31.0,34.0,34.0
97,31.0,32.0,29.0,33.0,34.0,34.0,33.0,33.0,30.0,33.0,32.0,31.0,36.0,31.0,33.0,31.0,31.0,31.0,34.0,29.0,37.0,31.0,32.0,34.0,33.0,29.0,34.0,33.0,31.0,31.0,31.0,33.0,31.0,32.0,33.0,30.0,31.0,31.0,33.0,32.0,31.0,31.0,29.0,31.0,34.0,34.0,33.0,30.0,31.0,31.0,33.0,31.0,32.0,29.0,36.0,33.0,31.0,31.0,36.0,31.0,34.0,33.0,35.0,33.0,35.0,33.0,32.0,31.0,33.0,33.0,31.0,32.0,31.0,30.0,31.0,31.0,29.0,30.0,30.0,32.0,31.0,31.0,33.0,35.0,33.0,29.0,31.0,33.0,32.0,34.0,35.0,34.0,31.0,31.0,30.0,32.0,31.0,31.0,35.0,34.0
98,31.0,32.0,29.0,33.0,34.0,34.0,33.0,33.0,30.0,34.0,32.0,31.0,36.0,31.0,33.0,32.0,32.0,31.0,34.0,30.0,37.0,32.0,32.0,34.0,34.0,30.0,34.0,33.0,31.0,31.0,32.0,33.0,31.0,32.0,34.0,31.0,31.0,31.0,33.0,32.0,31.0,31.0,29.0,31.0,35.0,34.0,34.0,30.0,32.0,31.0,33.0,31.0,32.0,29.0,36.0,34.0,31.0,31.0,36.0,31.0,34.0,33.0,35.0,33.0,36.0,33.0,33.0,31.0,33.0,33.0,31.0,33.0,31.0,30.0,31.0,32.0,30.0,31.0,30.0,33.0,31.0,31.0,33.0,35.0,33.0,29.0,31.0,33.0,33.0,34.0,35.0,34.0,32.0,31.0,30.0,32.0,32.0,32.0,35.0,34.0
99,32.0,32.0,29.0,33.0,35.0,34.0,34.0,33.0,30.0,35.0,33.0,31.0,36.0,31.0,33.0,32.0,32.0,32.0,34.0,30.0,37.0,32.0,32.0,34.0,34.0,30.0,34.0,33.0,31.0,31.0,32.0,34.0,31.0,33.0,34.0,31.0,31.0,31.0,33.0,32.0,32.0,31.0,30.0,32.0,35.0,34.0,34.0,31.0,32.0,31.0,33.0,32.0,33.0,29.0,36.0,34.0,32.0,31.0,36.0,32.0,35.0,33.0,35.0,33.0,36.0,34.0,33.0,32.0,33.0,33.0,32.0,33.0,32.0,31.0,31.0,32.0,30.0,31.0,30.0,33.0,31.0,32.0,34.0,36.0,34.0,30.0,31.0,33.0,33.0,34.0,35.0,34.0,32.0,31.0,30.0,33.0,33.0,32.0,35.0,35.0
100,32.0,33.0,29.0,33.0,36.0,35.0,34.0,33.0,31.0,35.0,33.0,32.0,36.0,32.0,34.0,33.0,32.0,32.0,35.0,31.0,38.0,32.0,33.0,35.0,34.0,30.0,35.0,33.0,32.0,31.0,32.0,35.0,32.0,34.0,35.0,31.0,31.0,32.0,34.0,33.0,32.0,32.0,30.0,32.0,35.0,34.0,35.0,31.0,33.0,32.0,33.0,33.0,33.0,30.0,36.0,35.0,32.0,31.0,37.0,32.0,35.0,33.0,35.0,33.0,36.0,34.0,34.0,32.0,34.0,33.0,32.0,34.0,32.0,31.0,32.0,32.0,30.0,31.0,30.0,33.0,32.0,32.0,34.0,36.0,34.0,30.0,32.0,34.0,34.0,34.0,35.0,35.0,32.0,32.0,31.0,33.0,33.0,32.0,35.0,35.0
